{"2020-12-19 10:59:35.104364": {"user": "1", "status": ".sucses"}, "2020-12-19 11:00:13.932377": {"user": "1", "status": ".sucses"}, "2020-12-19 11:06:07.376552": {"user": "1", "status": ".sucses"}, "2020-12-19 11:19:19.392932": {"user": "1", "status": ".sucses"}, "2020-12-19 11:22:50.499526": {"user": "1", "status": ".sucses"}, "2020-12-21 21:41:39.051538": {"user": "1", "status": ".sucses"}, "2020-12-21 21:42:44.253084": {"user": "Herman Bastian", "status": ".sucses"}, "2020-12-21 21:43:33.499469": {"user": "Ethan", "status": ".not sucses"}, "2020-12-21 21:43:44.753212": {"user": "1", "status": ".sucses"}, "2020-12-21 21:45:26.671620": {"user": "11", "status": ".not sucses"}, "2020-12-21 21:45:34.149634": {"user": "1", "status": ".sucses"}, "2020-12-21 21:48:45.046160": {"user": "2", "status": ".sucses"}, "2020-12-21 21:48:57.074004": {"user": "3", "status": ".not sucses"}, "2020-12-21 21:49:01.668372": {"user": "1", "status": ".sucses"}, "2020-12-21 21:53:43.959330": {"user": "1", "status": ".sucses"}, "2020-12-21 22:40:52.465696": {"user": "1", "status": ".sucses"}, "2020-12-21 22:41:16.952082": {"user": "1", "status": ".sucses"}, "2020-12-21 22:43:01.418296": {"user": "1", "status": ".sucses"}, "2020-12-21 22:45:25.365820": {"user": "1", "status": ".sucses"}, "2020-12-21 22:48:38.660971": {"user": "1", "status": ".sucses"}, "2020-12-21 22:51:53.073106": {"user": "1", "status": ".sucses"}, "2020-12-21 22:52:14.437301": {"user": "1", "status": ".sucses"}, "2020-12-21 23:08:02.505803": {"user": "1", "status": ".sucses"}, "2020-12-21 23:09:45.281053": {"user": "1", "status": ".sucses"}, "2020-12-21 23:11:39.387509": {"user": "1", "status": ".sucses"}, "2020-12-21 23:12:12.282789": {"user": "1", "status": ".sucses"}}